SALESPERSON_ID,FIRST_NAME,LAST_NAME,PHONE,EMAIL,DEALER_ID
1,Lon,Biasetti,106-245-6735,lbiasetti0@spotify.com,30
2,Brynna,Le Gall,288-742-5130,blegall1@springer.com,67
3,Lindsy,Pauleit,443-449-5363,lpauleit2@privacy.gov.au,72
4,Marigold,Colquit,930-399-9534,mcolquit3@vistaprint.com,36
5,Herbert,Forgie,620-466-4292,hforgie4@mtv.com,84
6,Claudette,Leupoldt,815-929-1085,cleupoldt5@tripod.com,4
7,Emylee,Huzzay,317-144-1616,ehuzzay6@tumblr.com,99
8,Amandi,Reedman,452-716-2784,areedman7@telegraph.co.uk,54
9,Tucky,Strauss,273-386-8123,tstrauss8@indiatimes.com,88
10,Allianora,Pullman,869-104-1807,apullman9@yandex.ru,74
11,Annabel,Blamires,648-385-1831,ablamiresa@sohu.com,46
12,Kathrine,Durand,906-213-1103,kdurandb@dagondesign.com,8
13,Craggie,Harness,604-653-9789,charnessc@sciencedaily.com,5
14,Cordy,Braizier,665-234-0076,cbraizierd@nih.gov,50
15,Marinna,Dayley,748-685-5139,mdayleye@hostgator.com,95
16,Jeanne,Hamblyn,809-164-7043,jhamblynf@craigslist.org,86
17,Ulrikaumeko,Stiegar,952-920-4857,ustiegarg@tamu.edu,33
18,Rosalie,Ricciardello,510-754-1872,rricciardelloh@hao123.com,47
19,Alessandro,Pillinger,967-521-3001,apillingeri@hibu.com,81
20,Raffarty,Ellerey,966-543-6197,rellereyj@google.co.jp,39
21,Jehanna,Sussex,887-627-6524,jsussexk@baidu.com,52
22,Sandye,Chapleo,152-638-1049,schapleol@timesonline.co.uk,1
23,Alis,Berzin,553-925-9222,aberzinm@washington.edu,63
24,Libbie,Shemwell,961-256-9290,lshemwelln@telegraph.co.uk,10
25,Nanon,Negal,457-932-0284,nnegalo@slate.com,85
26,Terrye,Bonnesen,769-863-7372,tbonnesenp@engadget.com,72
27,Myrtie,Dobble,870-540-4461,mdobbleq@surveymonkey.com,86
28,Gracie,Stennes,478-398-4043,gstennesr@ocn.ne.jp,54
29,Inness,Cawley,647-325-3960,icawleys@whitehouse.gov,57
30,Nanine,Frickey,394-597-5974,nfrickeyt@nyu.edu,27
31,Alain,Kitchenside,474-891-5895,akitchensideu@auda.org.au,69
32,Gillan,Cavilla,325-960-0297,gcavillav@timesonline.co.uk,66
33,Fleming,Cassam,898-977-4795,fcassamw@ow.ly,75
34,Mady,Large,110-880-4716,mlargex@google.ca,36
35,Carmelia,Derrington,233-237-3639,cderringtony@nsw.gov.au,11
36,Jeno,Clampett,888-883-0699,jclampettz@comsenz.com,5
37,Sylvia,Josilevich,749-951-8935,sjosilevich10@sitemeter.com,63
38,Sal,Gudeman,230-261-1533,sgudeman11@canalblog.com,30
39,Myriam,Gladwin,524-956-2652,mgladwin12@theglobeandmail.com,41
40,Madge,Battram,380-806-3557,mbattram13@diigo.com,95
41,Anjanette,Atterbury,954-526-2855,aatterbury14@amazon.de,87
42,Klement,Symcox,918-663-2527,ksymcox15@forbes.com,32
43,Viviana,Dyett,377-456-6439,vdyett16@columbia.edu,38
44,Fiorenze,Watts,102-122-1000,fwatts17@dagondesign.com,22
45,Astrix,Prydie,875-133-5907,aprydie18@cdc.gov,11
46,Rafaela,Widdocks,377-798-8606,rwiddocks19@skyrock.com,34
47,Hugues,Tilne,209-504-8516,htilne1a@adobe.com,1
48,Tonye,Babinski,234-837-4447,tbabinski1b@tamu.edu,62
49,Wyn,Stollenbeck,517-836-2674,wstollenbeck1c@people.com.cn,45
50,Tracy,Killough,440-831-7501,tkillough1d@jigsy.com,89
51,Abner,Lilie,551-845-0465,alilie1e@ucoz.com,51
52,My,Vispo,251-695-3722,mvispo1f@prlog.org,84
53,Holmes,Bilney,468-299-3552,hbilney1g@desdev.cn,48
54,Brad,Richardt,662-933-5350,brichardt1h@home.pl,12
55,Veriee,Flindall,269-800-1244,vflindall1i@jugem.jp,13
56,Brinn,Ashbolt,621-476-2196,bashbolt1j@weather.com,38
57,Aline,Trethowan,662-625-2965,atrethowan1k@creativecommons.org,68
58,Minda,Ege,221-213-2940,mege1l@prnewswire.com,40
59,Winfield,Calbert,699-799-7803,wcalbert1m@slate.com,60
60,Neilla,Rumble,731-933-9499,nrumble1n@miibeian.gov.cn,4
61,Candace,Greves,922-253-8860,cgreves1o@moonfruit.com,63
62,Myrilla,Gras,574-872-5324,mgras1p@mozilla.org,40
63,Townsend,Padula,642-268-1226,tpadula1q@github.com,24
64,Molli,Truter,224-259-8116,mtruter1r@friendfeed.com,55
65,Travers,Bridel,817-372-2242,tbridel1s@etsy.com,21
66,Cornie,Gilardone,794-210-5467,cgilardone1t@sogou.com,88
67,Lionello,Wagon,420-270-6821,lwagon1u@google.fr,80
68,Shirl,Pentony,431-754-6240,spentony1v@un.org,23
69,Stearn,Holston,456-349-2518,sholston1w@reference.com,53
70,Carney,Witsey,793-502-0328,cwitsey1x@wikispaces.com,32
71,Sancho,Stampfer,443-344-6192,sstampfer1y@aboutads.info,48
72,Christiane,McVittie,428-638-4945,cmcvittie1z@state.tx.us,16
73,Jelene,Bembrick,361-849-6839,jbembrick20@over-blog.com,65
74,Gabbey,Beagles,548-604-5730,gbeagles21@opera.com,27
75,Kevina,Forsyde,430-397-5737,kforsyde22@huffingtonpost.com,73
76,Even,Corton,395-732-8373,ecorton23@imgur.com,29
77,Margret,Blencoe,193-882-4386,mblencoe24@macromedia.com,20
78,Nilson,Dranfield,888-770-6077,ndranfield25@macromedia.com,68
79,Shauna,Raitie,810-826-3325,sraitie26@mysql.com,77
80,Sayre,Brewer,427-525-9358,sbrewer27@hao123.com,70
81,Beatrice,Haburne,329-445-6950,bhaburne28@cafepress.com,17
82,Kitti,Bricket,763-723-4033,kbricket29@reference.com,27
83,Reinwald,Froschauer,376-611-8226,rfroschauer2a@tripod.com,48
84,Raine,Wardlaw,934-373-7204,rwardlaw2b@woothemes.com,52
85,Rriocard,Karslake,133-477-4152,rkarslake2c@vk.com,17
86,Filippa,Rawes,823-365-0149,frawes2d@go.com,37
87,Kiel,Schole,830-812-7187,kschole2e@godaddy.com,43
88,Madelena,Mackieson,373-906-6426,mmackieson2f@bravesites.com,43
89,Lynsey,Moughtin,675-590-4532,lmoughtin2g@meetup.com,23
90,Franciskus,Firmage,777-202-5882,ffirmage2h@comsenz.com,60
91,Nettle,Armsden,562-716-8788,narmsden2i@google.com.br,53
92,Dmitri,Jennaway,673-985-7080,djennaway2j@mlb.com,27
93,Mellisent,Penhearow,949-180-3676,mpenhearow2k@adobe.com,35
94,Shellysheldon,Furmage,905-624-6631,sfurmage2l@chicagotribune.com,92
95,Elisa,Lyfield,173-658-8493,elyfield2m@example.com,35
96,Tanny,Splain,417-547-8026,tsplain2n@angelfire.com,21
97,Alix,Carme,751-759-8331,acarme2o@reference.com,32
98,Brand,Kivelhan,552-647-0244,bkivelhan2p@gnu.org,61
99,Dacia,Simak,780-547-8946,dsimak2q@businesswire.com,38
100,Sarita,Claesens,153-569-9625,sclaesens2r@example.com,34
101,Elysha,Hutchence,734-530-2879,ehutchence2s@dion.ne.jp,22
102,Alli,Merrywether,833-123-1064,amerrywether2t@hexun.com,44
103,Page,Lister,324-677-3106,plister2u@dot.gov,77
104,Kingsly,Tink,653-987-8567,ktink2v@flickr.com,61
105,Kassia,Fullard,379-364-8003,kfullard2w@unicef.org,32
106,Charmine,Mathison,571-586-3958,cmathison2x@163.com,93
107,Margot,Gilfether,481-250-6018,mgilfether2y@mashable.com,84
108,Jaynell,Lax,357-582-0588,jlax2z@sun.com,1
109,Sonnie,Robbins,437-995-7759,srobbins30@yellowpages.com,18
110,Heddi,Ossenna,952-271-6737,hossenna31@europa.eu,100
111,Lev,Kimmerling,830-684-8419,lkimmerling32@senate.gov,3
112,Joey,Ellor,667-361-2112,jellor33@hugedomains.com,82
113,Cathi,Iglesia,601-618-4705,ciglesia34@1688.com,80
114,Darill,Bodle,455-490-0887,dbodle35@senate.gov,43
115,Juliette,Daspar,330-785-4432,jdaspar36@unc.edu,84
116,Ricki,Mohun,685-201-0283,rmohun37@hatena.ne.jp,48
117,Gilbertina,Frearson,937-924-0149,gfrearson38@hc360.com,3
118,Hilly,Creavin,855-528-9457,hcreavin39@cbsnews.com,36
119,Krissy,Monger,381-455-3729,kmonger3a@storify.com,33
120,Garnette,Ovell,621-629-1376,govell3b@flavors.me,63
121,Andreana,de Broke,367-733-8253,adebroke3c@feedburner.com,2
122,Brandice,Bargh,554-925-5338,bbargh3d@google.cn,27
123,Rosalyn,Bollands,807-881-2258,rbollands3e@sciencedaily.com,72
124,Carmela,Refford,302-373-1835,crefford3f@exblog.jp,42
125,Jami,Horwell,664-319-2857,jhorwell3g@home.pl,7
126,Cristobal,Waleran,192-178-7967,cwaleran3h@gizmodo.com,65
127,Arabele,Scholtz,704-983-3880,ascholtz3i@people.com.cn,82
128,Arlinda,Hurles,645-833-6178,ahurles3j@newyorker.com,27
129,Ulrica,Gherardesci,853-744-7508,ugherardesci3k@google.cn,31
130,Ian,Thunder,140-931-6701,ithunder3l@example.com,23
131,Anica,Linde,907-917-2381,alinde3m@de.vu,98
132,Baird,Gallaway,923-499-1878,bgallaway3n@dion.ne.jp,23
133,Dominique,Andrejevic,363-634-3057,dandrejevic3o@bizjournals.com,32
134,Goldina,Rochewell,948-422-1926,grochewell3p@berkeley.edu,8
135,Tine,Millar,322-658-5699,tmillar3q@wufoo.com,97
136,Hally,Okenden,319-957-8198,hokenden3r@mapquest.com,38
137,Nariko,Carlow,776-608-6971,ncarlow3s@delicious.com,36
138,Patin,Heeley,974-504-2630,pheeley3t@nature.com,80
139,Shina,MacCarter,338-121-0785,smaccarter3u@biblegateway.com,2
140,Teodoor,Kenealy,997-248-9015,tkenealy3v@wordpress.com,87
141,Ethelda,Wellwood,528-700-0023,ewellwood3w@tinyurl.com,83
142,Roselle,Rosendorf,976-128-2170,rrosendorf3x@usatoday.com,47
143,Nerte,McSweeney,865-131-8817,nmcsweeney3y@oracle.com,55
144,Karla,Jerrard,189-935-3435,kjerrard3z@mapy.cz,6
145,Marje,Milsted,359-803-3460,mmilsted40@soup.io,59
146,Marius,Fairbanks,343-225-4072,mfairbanks41@bbc.co.uk,80
147,Bevon,Mainland,710-726-4888,bmainland42@slashdot.org,39
148,Jaine,Sargood,707-809-0130,jsargood43@ustream.tv,7
149,Merla,Blondell,858-242-3203,mblondell44@taobao.com,28
150,Wood,Shortland,478-281-3354,wshortland45@wiley.com,8
151,Padriac,Tanguy,369-579-7449,ptanguy46@independent.co.uk,40
152,Padraic,Rowes,684-538-6961,prowes47@noaa.gov,9
153,Hugues,Giovanazzi,273-361-5749,hgiovanazzi48@symantec.com,54
154,Sunshine,Reimers,948-686-4141,sreimers49@gmpg.org,23
155,Adi,Oatley,925-760-4180,aoatley4a@desdev.cn,99
156,Janaye,Harlick,948-631-0027,jharlick4b@phoca.cz,9
157,Rois,Droghan,699-192-2854,rdroghan4c@about.com,45
158,Kathleen,Dieton,601-871-3198,kdieton4d@fc2.com,19
159,Bo,Weavers,155-471-8288,bweavers4e@cisco.com,88
160,Charlena,Eliesco,985-190-9755,celiesco4f@wunderground.com,86
161,Lovell,Taplow,686-692-9564,ltaplow4g@163.com,32
162,Dorian,Ticksall,957-413-1062,dticksall4h@symantec.com,78
163,Bobbee,Hugh,450-268-1109,bhugh4i@taobao.com,99
164,Herve,Antoniazzi,577-456-9505,hantoniazzi4j@furl.net,18
165,Kippar,Whibley,371-132-9856,kwhibley4k@newyorker.com,57
166,Archer,Micah,162-234-2642,amicah4l@oracle.com,44
167,Winfield,Darmody,552-196-8508,wdarmody4m@ning.com,86
168,Kelsy,Milam,378-815-9792,kmilam4n@amazon.co.uk,18
169,Kaiser,Rathjen,102-940-8332,krathjen4o@lycos.com,68
170,Gabriell,Frensche,723-743-1175,gfrensche4p@dot.gov,13
171,Roxanna,Jacobson,313-215-7495,rjacobson4q@myspace.com,25
172,Ysabel,Busk,946-560-1836,ybusk4r@deviantart.com,5
173,Flynn,Abby,662-428-7806,fabby4s@webmd.com,29
174,Gussie,Deaconson,871-813-6998,gdeaconson4t@spiegel.de,98
175,Birch,Burnage,166-823-3179,bburnage4u@chronoengine.com,77
176,Filmore,Laborda,207-156-2201,flaborda4v@facebook.com,22
177,Reinold,Clutton,980-328-1485,rclutton4w@boston.com,38
178,Zorah,Ollin,811-410-7374,zollin4x@dion.ne.jp,75
179,Meara,Wackly,652-673-3348,mwackly4y@cnn.com,66
180,Jeramey,Goold,261-350-5817,jgoold4z@japanpost.jp,13
181,Yorgo,Axston,842-239-1084,yaxston50@lycos.com,49
182,Donavon,Martel,653-222-4778,dmartel51@cbc.ca,22
183,Nikita,Aguirrezabala,802-831-2443,naguirrezabala52@un.org,28
184,Emmaline,Ashurst,781-913-5436,eashurst53@microsoft.com,52
185,Kerwin,Shute,875-521-3053,kshute54@elegantthemes.com,90
186,Doralia,MacAlees,897-618-4802,dmacalees55@nhs.uk,42
187,Wynn,Moden,966-635-1861,wmoden56@etsy.com,10
188,Levey,Ethelston,713-480-0028,lethelston57@ebay.com,99
189,Letty,Goulstone,724-661-8071,lgoulstone58@mashable.com,23
190,Renado,Scorthorne,822-293-2322,rscorthorne59@pcworld.com,10
191,Brunhilde,Durbann,159-242-0986,bdurbann5a@cyberchimps.com,55
192,Jephthah,Bosket,798-872-5615,jbosket5b@mayoclinic.com,26
193,Delcine,Withnall,103-457-5956,dwithnall5c@bloomberg.com,77
194,Jacinthe,Gaymar,945-734-2925,jgaymar5d@si.edu,51
195,Kirbie,John,439-192-0280,kjohn5e@flavors.me,15
196,Derick,Moreland,579-434-7323,dmoreland5f@gizmodo.com,100
197,Janina,Kemmis,626-801-0205,jkemmis5g@imageshack.us,81
198,Claybourne,Webben,834-662-8226,cwebben5h@seesaa.net,28
199,Stepha,Dixie,177-907-2188,sdixie5i@gnu.org,54
200,Cliff,Schowenburg,898-114-6950,cschowenburg5j@guardian.co.uk,52
201,Smith,Hutchason,359-740-0806,shutchason5k@fotki.com,2
202,Kassandra,Fanthom,730-423-1862,kfanthom5l@discuz.net,8
203,Philly,McCaskell,133-479-9757,pmccaskell5m@un.org,26
204,Giacobo,Jewiss,310-436-9895,gjewiss5n@nhs.uk,75
205,Florentia,Nevin,538-197-1184,fnevin5o@plala.or.jp,34
206,Esmeralda,Myton,492-287-1684,emyton5p@hp.com,13
207,Kim,Bavage,631-249-3262,kbavage5q@nymag.com,3
208,Rudolf,Himsworth,623-868-5446,rhimsworth5r@vk.com,47
209,Aurore,D'Onisi,661-710-9295,adonisi5s@nbcnews.com,62
210,Ellary,Girardeau,364-623-2086,egirardeau5t@nasa.gov,33
211,Diena,Orrice,788-537-4176,dorrice5u@vinaora.com,92
212,Goran,Gilder,338-226-5424,ggilder5v@cyberchimps.com,13
213,Cara,Bengall,921-627-7766,cbengall5w@irs.gov,92
214,Darby,Niave,113-764-6146,dniave5x@pinterest.com,51
215,Rebbecca,Spiteri,304-908-4040,rspiteri5y@paginegialle.it,72
216,Padget,Laying,981-420-5027,playing5z@g.co,3
217,Janean,Varga,178-626-1448,jvarga60@seattletimes.com,9
218,Jess,Simonaitis,666-708-1626,jsimonaitis61@unicef.org,37
219,Karina,Sterry,826-725-4176,ksterry62@buzzfeed.com,18
220,Mikel,Doles,468-543-8471,mdoles63@trellian.com,6
221,Filberto,Peery,392-897-2235,fpeery64@ebay.co.uk,88
222,Ode,West-Frimley,333-526-3467,owestfrimley65@cafepress.com,100
223,Parker,Colleymore,298-661-3913,pcolleymore66@ft.com,5
224,Estel,Kealey,778-420-3441,ekealey67@uiuc.edu,57
225,Urson,Keavy,562-286-2312,ukeavy68@telegraph.co.uk,7
226,Anne-corinne,Phlipon,911-929-6919,aphlipon69@sfgate.com,31
227,Shea,Ballance,825-261-3647,sballance6a@state.tx.us,14
228,Gizela,Schuricke,184-384-8331,gschuricke6b@multiply.com,50
229,Codi,Pygott,176-207-3237,cpygott6c@cocolog-nifty.com,61
230,Marcelle,Roper,577-717-8690,mroper6d@dell.com,25
231,Merrilee,Cains,873-913-0450,mcains6e@quantcast.com,11
232,Jecho,Jephcote,816-322-8471,jjephcote6f@mtv.com,69
233,Odette,Nursey,306-310-5008,onursey6g@dailymotion.com,79
234,Delly,Simcox,101-482-5211,dsimcox6h@wisc.edu,56
235,Amby,Cooksey,973-224-6904,acooksey6i@bloglovin.com,77
236,Griffie,Kennedy,490-833-5004,gkennedy6j@reddit.com,6
237,Stanislaus,Giannassi,621-927-4529,sgiannassi6k@microsoft.com,16
238,Egan,Topping,640-704-1613,etopping6l@lulu.com,84
239,Alvis,Kintzel,671-938-9334,akintzel6m@dailymail.co.uk,81
240,Denna,Celiz,392-674-7823,dceliz6n@list-manage.com,1
241,Aguistin,Vowells,354-811-4682,avowells6o@irs.gov,93
242,Octavia,Wainman,918-618-7204,owainman6p@ocn.ne.jp,81
243,Jeramey,Magner,850-400-9009,jmagner6q@reference.com,36
244,Lev,Alliband,764-843-2949,lalliband6r@simplemachines.org,39
245,Jan,Snasdell,178-210-6042,jsnasdell6s@answers.com,84
246,Murdock,Brandi,573-370-3152,mbrandi6t@addthis.com,94
247,Angelico,Gunn,230-493-4744,agunn6u@google.com,48
248,Merrile,Andreaccio,525-127-4596,mandreaccio6v@twitter.com,41
249,Flory,Crosskill,509-844-3900,fcrosskill6w@meetup.com,4
250,Millard,Skylett,808-473-7102,mskylett6x@cnet.com,41
251,Washington,Hellin,455-935-5050,whellin6y@newsvine.com,23
252,Cully,De Roberto,407-641-2506,cderoberto6z@xing.com,15
253,Octavia,Bartrum,853-341-6572,obartrum70@prlog.org,71
254,Wallie,Soda,555-213-9412,wsoda71@wordpress.com,99
255,Janelle,Fanthome,968-109-1653,jfanthome72@home.pl,30
256,Rooney,Belson,663-821-5374,rbelson73@rediff.com,19
257,Alfy,Crusham,157-273-6856,acrusham74@hatena.ne.jp,76
258,Yank,McNickle,419-974-9413,ymcnickle75@flavors.me,3
259,Petronille,Nutkin,952-177-6036,pnutkin76@hhs.gov,44
260,Marijo,Petrowsky,237-724-1109,mpetrowsky77@sphinn.com,98
261,Derrik,Rodell,100-805-2964,drodell78@globo.com,49
262,Benedetto,Darlison,143-929-8927,bdarlison79@imageshack.us,86
263,Galven,Haller,220-891-4501,ghaller7a@msu.edu,68
264,Irvin,Doucette,945-118-6892,idoucette7b@tamu.edu,54
265,Anthia,Giampietro,644-446-3881,agiampietro7c@163.com,38
266,Marcus,Carlsson,275-999-7893,mcarlsson7d@trellian.com,35
267,Lizabeth,Manna,601-577-6660,lmanna7e@mozilla.com,22
268,Alvina,Gellier,697-902-7586,agellier7f@booking.com,98
269,Nerita,Alf,483-506-1219,nalf7g@uol.com.br,20
270,Daryle,Kops,173-505-3904,dkops7h@usa.gov,18
271,Dorthea,Gadie,173-265-4368,dgadie7i@blogger.com,4
272,Peta,Artingstall,953-285-0121,partingstall7j@squidoo.com,91
273,Orelie,Carnelley,696-430-6673,ocarnelley7k@tripod.com,71
274,Dewitt,Fleckney,458-334-4855,dfleckney7l@springer.com,49
275,Ryley,McQueen,503-241-8316,rmcqueen7m@themeforest.net,33
276,Wren,Enocksson,430-235-8088,wenocksson7n@ucoz.ru,26
277,Lay,Cassin,680-222-4093,lcassin7o@163.com,52
278,Noll,Tomei,893-947-5021,ntomei7p@eventbrite.com,100
279,Theda,Kehir,662-217-0831,tkehir7q@engadget.com,9
280,Devina,Horsewood,653-829-6903,dhorsewood7r@dyndns.org,78
281,Nonie,Tailour,512-419-3957,ntailour7s@mediafire.com,26
282,Gayleen,Orsi,480-314-6658,gorsi7t@mit.edu,96
283,Wallace,Whitchurch,803-673-7451,wwhitchurch7u@pagesperso-orange.fr,66
284,Nick,Sleite,633-901-3929,nsleite7v@networkadvertising.org,97
285,Erwin,Cowndley,607-512-0685,ecowndley7w@amazonaws.com,43
286,Gonzalo,Purkiss,234-386-8692,gpurkiss7x@weebly.com,48
287,Cornelia,Polamontayne,901-111-4254,cpolamontayne7y@storify.com,97
288,Bev,Rosoman,170-432-1288,brosoman7z@msn.com,63
289,Iris,Langworthy,994-929-4722,ilangworthy80@e-recht24.de,97
290,Mervin,Koch,874-494-1381,mkoch81@shinystat.com,3
291,Tirrell,Corlett,496-768-6041,tcorlett82@reuters.com,18
292,Alphard,Newbury,318-121-0879,anewbury83@reference.com,30
293,Ulrick,Ceschelli,170-992-1926,uceschelli84@surveymonkey.com,66
294,Tandie,Rann,352-790-2628,trann85@seesaa.net,10
295,Vernon,Helleker,150-629-8685,vhelleker86@reference.com,16
296,Hannis,Elgy,141-485-6324,helgy87@bbc.co.uk,24
297,August,McMackin,260-461-3032,amcmackin88@shop-pro.jp,72
298,Sibley,Johnsey,444-851-9759,sjohnsey89@pen.io,28
299,Lacey,Gillman,414-233-8572,lgillman8a@marriott.com,82
300,Andeee,Bown,967-385-1557,abown8b@businesswire.com,89
301,Randy,Beckhurst,640-627-9165,rbeckhurst8c@wix.com,40
302,Lindon,Coniff,722-905-7220,lconiff8d@wikipedia.org,78
303,Marlee,Gianiello,912-725-8877,mgianiello8e@dagondesign.com,49
304,Gaspar,Gorini,846-287-7592,ggorini8f@ucoz.ru,60
305,Dorie,Ales,719-158-4317,dales8g@tuttocitta.it,4
306,Wylie,Standish-Brooks,711-530-5913,wstandishbrooks8h@japanpost.jp,79
307,Bayard,Langstone,298-566-4619,blangstone8i@reference.com,63
308,Margaretha,Tregear,414-536-7872,mtregear8j@tinypic.com,24
309,Atlanta,Killelay,393-443-4401,akillelay8k@google.ca,92
310,Gino,Martelet,876-114-9929,gmartelet8l@npr.org,31
311,Geraldine,Sinney,742-499-4724,gsinney8m@discuz.net,65
312,Kippy,Hanniger,216-159-7692,khanniger8n@upenn.edu,40
313,Benetta,Baroux,671-850-3690,bbaroux8o@geocities.jp,96
314,Katey,Ashall,455-952-8664,kashall8p@mediafire.com,16
315,Dale,Knowlson,353-194-7596,dknowlson8q@shinystat.com,44
316,Falkner,Sommerville,888-680-8277,fsommerville8r@elegantthemes.com,43
317,Marthena,Iacovone,489-227-1458,miacovone8s@accuweather.com,70
318,Marilin,Leadbeater,103-708-5781,mleadbeater8t@shareasale.com,89
319,Rand,McGeechan,147-636-1677,rmcgeechan8u@cdbaby.com,81
320,Enriqueta,Leat,169-733-3290,eleat8v@rediff.com,40
321,Kimberly,Heasman,990-280-2166,kheasman8w@phoca.cz,53
322,Felipa,Astle,365-914-8473,fastle8x@jalbum.net,29
323,Colleen,Bruty,448-148-8997,cbruty8y@latimes.com,100
324,Sheree,Dukesbury,883-796-9347,sdukesbury8z@chicagotribune.com,18
325,Mabelle,Bang,739-312-5988,mbang90@hubpages.com,29
326,Madison,Dacombe,537-928-1254,mdacombe91@weebly.com,62
327,Lizzy,Fetteplace,176-420-0255,lfetteplace92@wunderground.com,37
328,Suzy,Emblem,136-444-3829,semblem93@chron.com,22
329,Brade,Janda,790-343-3490,bjanda94@cnet.com,89
330,Cathyleen,Oakenfull,804-273-6987,coakenfull95@facebook.com,22
331,Elinor,Saffill,377-108-6302,esaffill96@sun.com,75
332,Constance,Despenser,950-668-9070,cdespenser97@loc.gov,35
333,Lora,Chidler,191-199-3529,lchidler98@studiopress.com,17
334,Breena,Abrahamsson,486-579-2121,babrahamsson99@dmoz.org,12
335,Davita,Langran,663-400-5683,dlangran9a@salon.com,49
336,Thalia,Roskell,798-314-5219,troskell9b@time.com,7
337,Alene,Etty,596-587-4032,aetty9c@weather.com,45
338,Brandice,Bosanko,862-993-0034,bbosanko9d@drupal.org,30
339,Herculie,Mousley,918-226-6247,hmousley9e@slideshare.net,99
340,Andrus,Kupisz,832-282-2991,akupisz9f@chronoengine.com,40
341,Rona,Crocombe,761-222-4638,rcrocombe9g@rediff.com,27
342,Latrena,Bandey,283-551-6496,lbandey9h@tripadvisor.com,99
343,Clemens,Sheryne,867-288-0029,csheryne9i@intel.com,99
344,Rea,Stothart,449-605-4092,rstothart9j@sfgate.com,40
345,Shermie,Kuhl,930-403-3509,skuhl9k@ox.ac.uk,10
346,Alia,Cisneros,472-943-5101,acisneros9l@hubpages.com,95
347,Inger,Starbeck,321-769-1238,istarbeck9m@reddit.com,84
348,Lisabeth,Pryce,139-817-8971,lpryce9n@is.gd,86
349,Reeta,Mewburn,878-667-3826,rmewburn9o@hexun.com,28
350,Templeton,Bowld,500-751-4453,tbowld9p@pinterest.com,74
351,Nealson,Wakeford,524-317-4933,nwakeford9q@naver.com,85
352,Mile,Fittall,572-508-2428,mfittall9r@hostgator.com,63
353,Thorvald,Tilte,380-309-3332,ttilte9s@marketwatch.com,32
354,Eugine,Blizard,496-353-4742,eblizard9t@ameblo.jp,12
355,Brew,Gland,629-492-0685,bgland9u@archive.org,23
356,Montgomery,Hubery,566-687-6129,mhubery9v@vkontakte.ru,63
357,Maure,Swafford,262-253-4064,mswafford9w@narod.ru,73
358,Chico,O' Gara,300-725-6998,cogara9x@domainmarket.com,96
359,Ivett,Rubica,845-520-5254,irubica9y@imgur.com,41
360,Ardenia,Greatrakes,229-960-6743,agreatrakes9z@blogspot.com,65
361,Malina,Christauffour,467-223-3900,mchristauffoura0@slideshare.net,72
362,Danica,Fayter,517-459-6059,dfaytera1@netvibes.com,85
363,Caron,De Cruce,332-635-2370,cdecrucea2@jiathis.com,9
364,Willetta,deKnevet,134-959-2330,wdekneveta3@unesco.org,10
365,Marty,Abramin,961-832-2009,mabramina4@oaic.gov.au,55
366,Rozanna,Weedon,185-733-3515,rweedona5@sfgate.com,60
367,Garth,Towers,235-438-6254,gtowersa6@github.io,82
368,Albie,Cunningham,216-414-3855,acunninghama7@seesaa.net,47
369,Aida,Bernardoux,936-165-9268,abernardouxa8@theatlantic.com,88
370,Page,Murfin,307-105-6483,pmurfina9@nih.gov,9
371,Bary,Arends,353-833-1539,barendsaa@nydailynews.com,85
372,Hilliard,Heinritz,627-589-7581,hheinritzab@themeforest.net,49
373,Domenico,Rivard,436-183-3975,drivardac@google.com.hk,59
374,Charmion,Planke,398-693-6834,cplankead@lulu.com,99
375,Terrance,Swinburne,401-437-6987,tswinburneae@ed.gov,72
376,Emanuel,Circuitt,698-115-9754,ecircuittaf@exblog.jp,16
377,Nathalie,Aubrey,656-234-3090,naubreyag@harvard.edu,91
378,Othello,Crottagh,638-960-9306,ocrottaghah@seesaa.net,64
379,Seka,Jean,406-726-6244,sjeanai@fda.gov,52
380,Aurora,Pranger,699-626-3102,aprangeraj@mapy.cz,18
381,Ruddy,Steven,202-143-9978,rstevenak@opensource.org,39
382,Nixie,Ruberti,341-469-5106,nrubertial@go.com,58
383,Demetre,Jolly,530-521-9185,djollyam@pbs.org,54
384,Melita,Weyman,220-604-0363,mweymanan@constantcontact.com,4
385,Dulcinea,Dinsmore,171-216-8150,ddinsmoreao@artisteer.com,3
386,Sybille,Holcroft,150-390-2034,sholcroftap@bizjournals.com,51
387,Fredrika,Slatford,558-196-4654,fslatfordaq@usa.gov,49
388,Gaven,Purselow,860-916-0887,gpurselowar@time.com,92
389,Helli,Biggerdike,742-847-4753,hbiggerdikeas@biglobe.ne.jp,45
390,Samaria,Wallbrook,834-826-6985,swallbrookat@mac.com,56
391,Felike,Greschke,949-791-4712,fgreschkeau@pinterest.com,62
392,Rodolfo,Jills,677-806-8585,rjillsav@github.com,13
393,Bo,Fontanet,941-428-5987,bfontanetaw@weebly.com,56
394,Stuart,Reichardt,280-865-4196,sreichardtax@pinterest.com,39
395,Hobard,Skipworth,972-667-6437,hskipworthay@oakley.com,37
396,Jennifer,Vales,809-818-0594,jvalesaz@shinystat.com,62
397,Ruth,Rainger,808-520-1262,rraingerb0@twitpic.com,52
398,Elisa,Klimkowski,111-348-4914,eklimkowskib1@chron.com,39
399,Davide,Rosthorn,617-162-3875,drosthornb2@unicef.org,17
400,Chantal,Deguara,696-357-8234,cdeguarab3@cpanel.net,92
401,Viviene,Fletham,666-981-1816,vflethamb4@miitbeian.gov.cn,4
402,Chere,Doniso,999-664-8493,cdonisob5@thetimes.co.uk,97
403,Cheryl,Abley,512-972-4149,cableyb6@spiegel.de,93
404,Shaine,Alonso,428-525-3667,salonsob7@ucla.edu,38
405,Garret,Pharaoh,287-919-6524,gpharaohb8@google.com.br,79
406,Saleem,Tofanelli,340-797-3600,stofanellib9@ovh.net,95
407,Thorpe,Diggens,237-932-4059,tdiggensba@chicagotribune.com,43
408,Drusy,Guest,493-144-1368,dguestbb@scientificamerican.com,49
409,Jaimie,Sowten,492-825-0021,jsowtenbc@bbc.co.uk,98
410,Der,De Meis,129-807-2671,ddemeisbd@wikimedia.org,60
411,Edgard,Diamant,423-513-4176,ediamantbe@moonfruit.com,32
412,Marilee,Radwell,983-544-3892,mradwellbf@ycombinator.com,18
413,Guthrie,Beausang,920-433-6890,gbeausangbg@disqus.com,42
414,Hillyer,Clynmans,949-931-8375,hclynmansbh@deviantart.com,36
415,Rodrique,Canet,958-140-5691,rcanetbi@scribd.com,53
416,Asher,Suscens,366-926-3206,asuscensbj@blog.com,69
417,Gwenni,ducarme,989-555-7604,gducarmebk@freewebs.com,1
418,Alvy,Rainforth,457-134-4972,arainforthbl@ehow.com,41
419,Leo,Coonihan,998-640-4879,lcoonihanbm@redcross.org,75
420,Stormy,Kimble,665-484-8808,skimblebn@example.com,30
421,Reine,Gorrissen,388-998-5563,rgorrissenbo@state.gov,51
422,Svend,Rintoul,632-830-4744,srintoulbp@nbcnews.com,12
423,Rosalynd,Graysmark,616-704-9289,rgraysmarkbq@washington.edu,46
424,Bronnie,Bowkley,686-246-7694,bbowkleybr@bluehost.com,45
425,Cull,Maevela,112-816-0640,cmaevelabs@cnn.com,72
426,Jamie,Arnefield,288-539-4350,jarnefieldbt@blinklist.com,80
427,Lolly,Hannaford,659-671-2008,lhannafordbu@lulu.com,87
428,Mallory,Nansom,851-787-7890,mnansombv@stanford.edu,78
429,Olivie,Bedbury,695-921-9380,obedburybw@surveymonkey.com,96
430,Francois,Cranmor,871-841-4919,fcranmorbx@domainmarket.com,79
431,Otha,Massot,926-844-7266,omassotby@usda.gov,26
432,Pattin,Schult,192-834-1011,pschultbz@about.me,95
433,Wyndham,Jenkyn,852-290-3010,wjenkync0@cnn.com,60
434,Hettie,Indruch,137-441-1981,hindruchc1@nydailynews.com,82
435,Tuesday,Folonin,279-275-3400,tfoloninc2@friendfeed.com,77
436,Worthy,Croasdale,705-683-2389,wcroasdalec3@dailymail.co.uk,82
437,Sidonnie,Waple,320-245-1532,swaplec4@wikimedia.org,74
438,Marlo,Marushak,691-755-1420,mmarushakc5@people.com.cn,61
439,Jacky,Thomlinson,104-413-4893,jthomlinsonc6@cornell.edu,9
440,Cally,Cator,395-382-8830,ccatorc7@amazon.co.uk,23
441,Lanette,Meekin,904-683-5113,lmeekinc8@nifty.com,13
442,Kerwinn,Jeanon,765-532-3598,kjeanonc9@geocities.com,42
443,Laughton,Walsh,794-637-7011,lwalshca@un.org,90
444,Dill,Egre,382-717-0422,degrecb@huffingtonpost.com,82
445,Cecil,Dinley,173-962-9951,cdinleycc@nature.com,70
446,Rozella,Olden,699-125-6362,roldencd@patch.com,32
447,Colline,Course,537-379-5029,ccoursece@smugmug.com,8
448,Jeth,Morillas,435-388-2418,jmorillascf@npr.org,25
449,Devondra,Gateland,702-588-3502,dgatelandcg@wisc.edu,93
450,Alberto,Waghorne,925-404-5022,awaghornech@free.fr,18
451,Dominic,Spencock,957-139-4931,dspencockci@github.com,96
452,Townsend,Potts,161-487-6532,tpottscj@blogs.com,90
453,Nikola,Owbrick,259-116-6715,nowbrickck@comcast.net,24
454,Kristopher,Akrigg,307-872-6925,kakriggcl@census.gov,28
455,Van,Tows,697-301-2060,vtowscm@eepurl.com,57
456,Sinclair,Evitt,407-990-7856,sevittcn@webmd.com,95
457,Martino,Readings,934-186-3151,mreadingsco@miitbeian.gov.cn,98
458,Olimpia,Worsfold,733-751-5677,oworsfoldcp@wordpress.org,20
459,Darsie,Michael,453-936-0214,dmichaelcq@drupal.org,36
460,Annemarie,Milburne,736-368-1373,amilburnecr@nymag.com,86
461,Tabitha,Abbett,496-749-5502,tabbettcs@army.mil,29
462,Darrel,Golsby,736-774-3217,dgolsbyct@weebly.com,78
463,Kit,Salvador,827-347-6954,ksalvadorcu@yahoo.com,91
464,Niko,Ratter,332-370-5282,nrattercv@bluehost.com,99
465,Reynard,Agnolo,422-612-7479,ragnolocw@wsj.com,74
466,Ban,Audas,669-193-5317,baudascx@mashable.com,18
467,Andra,Gollard,569-518-9215,agollardcy@simplemachines.org,9
468,Alvis,Warlock,903-981-7827,awarlockcz@w3.org,25
469,Dollie,Harmston,253-289-7482,dharmstond0@seesaa.net,99
470,Ursala,Hampshaw,362-891-9868,uhampshawd1@geocities.jp,49
471,Edgardo,Wormstone,518-626-1235,ewormstoned2@java.com,59
472,Gaelan,McCormick,374-195-7448,gmccormickd3@cnet.com,50
473,Jeannette,Traves,353-299-0080,jtravesd4@elegantthemes.com,38
474,Emmott,Rowlatt,498-452-6847,erowlattd5@webs.com,1
475,Alyson,Van der Baaren,838-647-0611,avanderbaarend6@wordpress.com,80
476,Thaddeus,Ronci,510-926-4616,troncid7@tuttocitta.it,78
477,Merna,Sambeck,527-556-0287,msambeckd8@mashable.com,77
478,Gordon,Garratty,656-836-6745,ggarrattyd9@redcross.org,51
479,Dugald,Fullard,203-490-9119,dfullardda@nbcnews.com,60
480,Jacobo,Smitheram,243-187-2651,jsmitheramdb@census.gov,28
481,Minne,Debold,294-673-9677,mdebolddc@jigsy.com,84
482,Der,Olliff,547-404-7633,dolliffdd@privacy.gov.au,66
483,Jasmin,Rosen,676-360-1530,jrosende@t-online.de,57
484,Teddie,Ayto,348-238-3981,taytodf@github.io,26
485,Jenda,Whitear,978-724-8065,jwhiteardg@amazon.co.jp,67
486,Orel,Hasell,464-609-2564,ohaselldh@house.gov,6
487,Gage,Bailey,223-226-3577,gbaileydi@miibeian.gov.cn,86
488,Toddy,Gothard,440-663-7473,tgotharddj@cocolog-nifty.com,2
489,Janey,Glanz,847-600-6110,jglanzdk@yale.edu,61
490,Arlinda,Pock,591-955-8437,apockdl@bizjournals.com,71
491,Darice,Jirka,809-150-1815,djirkadm@amazon.co.jp,31
492,Birgitta,Causnett,682-803-1305,bcausnettdn@sakura.ne.jp,15
493,Lindy,Crofthwaite,881-313-6180,lcrofthwaitedo@nationalgeographic.com,39
494,Torrie,MacMillan,937-152-0336,tmacmillandp@51.la,69
495,Prudence,Poag,507-875-4194,ppoagdq@chron.com,82
496,Ricky,Quest,499-428-5350,rquestdr@comcast.net,33
497,Adrian,Andrews,883-165-2678,aandrewsds@ca.gov,53
498,Caesar,Morrice,592-260-6858,cmorricedt@washington.edu,83
499,Viola,Hoyt,647-871-5025,vhoytdu@symantec.com,2
500,Esmaria,Kidsley,964-957-9610,ekidsleydv@posterous.com,11
